11986,Ethan Brierley
11828,Selu Diallo
9542,Toby King
6198,Riccardo Piscitelli
9787,Kaito Mizuta
10250,Nemanja Motika
2780,Nika Kacharava
7637,Turgai Mokhbaliev
3825,Álvaro González
5307,Mike Feigenspan
8236,Bernardo Costa Da Rosa
5514,Alexander Stolyarenko
5012,Francesco Bonfiglio
11211,Justin Heekeren
11377,Tom Kaspar Berger
11056,Jasper Samooja
10406,Benjamin Chrisene
9416,Davide De Marino
366,Kerim Carolus
7127,Alessandro D'Andrea
8217,Simon Ngapandouetnbu
6259,Pasquale Giannotti
9668,Ivan Savitskiy
10518,Ali Kalla
6858,Bright Enobakhare
10578,Robin Voisine
10119,Owen Beck
11617,Yago Alonso
1614,Gabriele Aldegani
7494,Francesco Semeraro
10154,Marco Raina
11780,Massamba Ndiaye
4829,Djibril Dianessy
6913,Èric Montes
11771,Nikita Zheymo
10345,Samuele Angori
11408,Lulo Dasilva
2244,Danilo
3777,Judicael Boizart
10980,Carlos Rojas
5000,Emanuele Monari
1110,Lukas Zima
10227,Carlos Ben�tez Royo
7252,Magomednabi Yagyayev
1803,Luca Castellazzi
10308,Bachir Diop
2449,Pedro L�pez
5779,Valentin Vanbaleghem
11299,Devis V�squez
10325,Juan Carlos Arana
7367,Fran Navarro
7231,Zech Medley
6594,Marlon Sündermann
8399,Famana Quizera
8945,Sergio López
10179,Armstrong Oko-Flex
11400,Caden Clark
7261,Danil Poluboyarinov
9169,Massimiliano Mignogna
5780,Valere Pollet
10422,Antonio Leal
3930,Janis Cavagna
4962,Pietro Cavagnaro
8768,Kevin Omoruyi
9131,Ilya Petukhov
8943,Pier Graziano Gori
9472,Oussama Falouh
11106,Emilio Bernad
11175,Joshua Schwirten
9455,Francisco Álvarez
7305,Nikita Saprunov
4990,Marius Marin
6529,Xian Emmers
9012,Medved Sergeevich
911,Olufela Olomola
9312,Vontae Daley-Campbell
996,Brandon Barker
10086,Vittorio Alberto Agostinelli
5511,Yuri Kuzmin
8250,Jaume Cuellar
1962,Roberto Pirrello
3020,Danil Chernov
1638,Ferdinando Del Sole
10374,Gabriel Bar�s
10354,Lassine Soumaoro
4474,Aaron Mitchell
4927,Cassio Cardoselli
6683,Duplex Tchamba Bangou
4324,Ivan Lucic
89,Alexander Stolz
8590,Daniel Adshead
5539,Shamsiddin Shanbiev
10918,St�ve Mvou�
11237,Kristian Sekularac
11153,Junior Flemmings
4496,Cabral
9940,Antonio Russo
8834,Lorenzo Simonetti
5335,Kamil Wojtkowski
10083,Pedro Alemañ
10251,Thomas Giaquinto
5213,Pablo Larrea
12239,Pau Mascaró
11330,Elias-Geoffrey Bakatukanda
2100,Rafinha
8454,Rinat Mamedov
11542,Corentin Louakima
2009,Christian D'Urso
10060,Iv�n Arboleda
5320,Noel Knothe
6944,Antonio Perera
6755,Layton Ndukwu
11492,Ra�l Garc�a
1636,Leonardo Maloku
2607,David Gómez
8241,Balthazar Pierret
8435,Alaa Bakir
9252,Jensen Weir
7141,Felipe Pires
2524,Ivan Kelava
11662,Artur Maksetsov
7821,Andy Lonergan
11474,Timofey Mitrov
7111,Ryan Schofield
4874,Steve Shamal
6346,Ian Pino
6028,Jason Eyenga Lokilo
5451,Andrej Sorokin
5818,Ionut Pop
9323,Lorenzo Chiti
9823,Cheikh Kane Sarr
5953,Imran Alsultanov
11338,Ander Astralaga
4203,Villal�n
3921,Andrea Mandelli
11235,Ange N'Guessan
3953,Abass Alhassan
7112,Caio Vinicius
8237,Thomas Allan
11874,Radek Vítek
5600,Zachary Dearnley
4650,Aleksey Skornyakov
7596,Christian Koffi
6694,�ngel L�pez
7254,Viktor Gyokeres
11126,Robert Kwasigroch
8570,Jime
9308,Zak Brunt
9429,Patrick Sequeira
11564,Ilias Kostis
9521,Caleb Taylor
8867,Adrián Bernabé
10324,Alberto Flores
8196,Aleksey Mamin
11009,Federico Magro
6337,Ivan Galanin
11122,Egoitz Arana
3794,Ibrahima Sy
4909,Gergely Hutv�gner
3782,Edgar Alexandre
8136,Miguel Angel Leal
6158,João Schmidt
6184,Daniele Gasparetto
8389,Julian Rieckmann
1526,Guy Yao
12282,Capi
8585,Nikolai Bochko
8588,Andrey Savin
9223,Andreas S�ndergaard
11897,Raffaele Di Gennaro
11452,Edvin Bongemba
8798,Jomaine Consbruch
12211,Salvati Gregorio
9300,Gabriel Pereira
10978,Arvin Appiah
5053,Pepe Mena
2501,Asier Etxabaru
7170,Sam Schreck
12278,Vinícius Tobias
1768,Adam Reach
10068,Klemen Hvalic
5229,Raphael Obermair
9580,Timur Kasimov
10460,Yllan Okou
8096,Amadou Dia N'Diaye
10568,Dara Costelloe
11690,Ruslanbek Jiyanov
11347,Ryan Mbiayi
2342,Gonzalo Castro
437,Yannick Zummack
11243,Bashir Humphreys
4498,Adam Smith
9958,Yerson Mosquera
9504,Edoardo Piana
11496,Adrian Cannavaro
5798,Jorris Romil
12157,Jili Buyabu
4982,Andrea Punzi
5610,Jean Butez
11632,Pau Prim
1780,Greg Luer
6724,Yuning Zhang
5832,Simon Laner
2051,Andrea Badan
4579,Maksim Klikin
3920,Lorenzo Benucci
7066,Andreas Poulsen
8659,Killian Benvindo
12196,Lawrence Vigouroux
4888,Romain Achilli
9367,David Toshevski
10317,Eldin Lolic
4649,Dmitri Nikitinskiy
9343,Davide Costanzo
12235,Matthew Whittingham
11518,Marc Jurado
12169,Andrea Bartoccioni
1616,Stefano Mazzini
6566,Antonio Montoro
7172,Erik Majetschak
11372,Christian Sánchez
8574,Mattia Compagnon
9320,Michal Karbownik
9183,S�ren Ahlers
11239,Jimmy Morgan
7374,Karolis Uzela
9216,Lewis Richards
4369,Florian Ballas
8466,Jean Greco
10411,Jakob Pálsson
2444,Bruno
9195,Enzo Adeagbo
10173,Filip Marschall
5572,Samuel Shashoua
4015,Emanuele Rovini
9034,Diego Rodríguez
10262,Noah Zilliox
10310,Anas Namri
11611,Francisco González
7624,Marco Alia
5367,Erdal �zt�rk
5008,Filippo Pavoni
6641,Lorenzo Valeau
9926,Gabriel Mutombo
8526,Fran Gonz�lez
4690,Nikita Bocharov
9409,Kaine Hayden
7336,�lex Pach�n
10841,Yan Tses
9651,Bryan Silva Teixeira
8577,Luis L�pez
7110,Phillip Menzel
12285,Mamadou Coulibaly
5808,Alexandre Lavenant
2765,Alexander Stepanov
8817,Mateusz Bogusz
6549,Devid Eugene Bouah
11534,Soumaïla Sylla
10473,Jonathan Gómez
9336,Rocco Ascone
10333,Morr� Makadji
913,Moha
5123,Juan Moreno
7130,Adil Mukhametzyanov
9215,Christian Marques
5342,Lucas Hufnagel
4987,Samuele Guddo
9125,Eusebio Monz�
4030,Giacomo Volpe
4675,Edgaras Cesnauskis
9960,Kjell Scherpen
2580,Ousseynou Ciss�
11138,Costantino Favasuli
4879,Luka Kikabidze
9890,Óttar Magnús Karlsson
4684,Vsevolod Ermakov
6801,Alexey Mironov
438,Daniel Mesenhöler
11929,Luca Lipani
12230,Marco Camus
4228,Marcos Remeseiro
8902,Jos� Salinas
7920,Andr� Grandi
10372,Victor Aznar
3773,Nolan Mbemba
9535,Sidney Raebiger
9500,Yannick Pandor
6765,Víctor San Bartolomé
5758,Yvan Inzoudine
2614,Julen L�pez
1259,Lorenzo Grossi
7572,Anthony Driscoll-Glennon
11616,Daniil Veselov
7336,Álex Pachón
5831,Samuel Delli Carri
9047,Daniel Dumbravanu
9455,Francisco �lvarez
10304,Matteo Corduan
11287,Alessandro Pio Riccio
4965,Mirko Bizzi
6717,Thomas Bolis
11368,Wanya Mar�al-Madivadua
11225,Maximilian Brüll
9190,Ernest Boahene
1132,Gabriel
3616,Come Casanova
7408,Georgios Antzoulas
6359,Moha Ramos
6383,Luca Seri
5366,Atinc Nukan
6682,Clément Billemaz
4230,Iago L�pez
12193,Alfie Dorrington
5319,Benjamin Bellot
9007,Lucas Ca�izares
4872,Clement Badin
6422,Amir Natcho
8126,Altin Kryeziu
11250,Th�o De Percin
2682,Yannik Oettl
3790,Numan Bostan
11634,Daniel Rodr�guez
2596,Neuton
11100,Gui
9016,Malcolm Barcola
7341,Max Sanders
8011,Lorenzo Avogadri
7388,Filippo Perucchini
8580,Pere García Bauzá
3934,Giacomo Sciacca
4960,Alberto Parpinel
12273,Sam Proctor
4534,Liam O'Neil
9696,Joseda
9894,Jos� Manuel
3365,Steeve Elana
11459,George Wickens
11561,Ivan Bober
344,Michael Gspurning
8134,Salvatore Rimoli
4910,Leandrinho
11212,Mart�n Conde
10260,Salim Abubakar
12190,Arda Güler
9231,Antonio José Aranda
8167,Matteo Cardinali
4618,Igor Lambarschi
11569,V�ctor Rofino
5190,Quique Cebri�
4621,Igor Kot
4971,Lorenzo Crisanto
7347,Callum Roberts
5363,Matthias Hamrol
7378,Jorge Silva
12131,Sekou Diawara
7599,Nikola Tavares
1947,Alessandro Livieri
9548,Ruwen Werthmüller
11203,Maximilian Schmid
11181,Joe Wormleighton
2041,Simone Ricozzi
4862,Paulo Henriques de Pinho
10486,David Flakus Bosilj
4947,Cesare Pogliano
9130,Oscar Aranda
1282,Leonardo Marson
10294,Dion Sanderson
10350,Ryan Alebiosu
4972,Emanuele Spinozzi
9845,Haydon Roberts
4996,Ibourahima Bald�
10280,Lorenzo Cannavale
8181,I�aki �lvarez
10192,Gioele Zacchi
5591,Michael Ledger
4523,Andrew Johnson
7222,Mehdi Boudjemaa
9379,Jon Mikel Magunagoitia
12267,Luka Janes
8564,Darnell Johnson
6705,Ivan Tarasov
10198,Tidiane Malbec
11878,Nicola Patanè
11976,Yann Lienard
4494,Chris Herd
4931,Giordano Trovade
8223,Joseph Anang
10748,Will Dennis
11526,Ryan Fage
10553,Shaqai Forde
9139,Amir Feratovic
9874,John Chetauya
10025,Lamare Bogarde
11160,Sammy Braybrooke
5344,Hauke Wahl
11992,Mario González
4953,Fabio Maistro
10098,Destiny Egharevba
12257,Rayane Belaid
7291,Levi Ntumba
11600,Ayman Aourir
11165,Marat Kovalkov
9751,Goktan Gurpuz
4526,Ben Amos
10901,Sebas Wade
4991,Leonardo Vitali
9424,Pablo Cu�at
11519,Nikita Bocharov
3993,Marko Marin
1766,Kane Wilson
6461,Leonardo Rivoira
10593,Jack Grieves
2610,Mediavilla
8766,Jérémy Blasco
11990,Mateus Lusuardi
10330,Damiano Pecile
10960,Gabriele Guarino
3153,Evgeni Shetinin
4989,Edoardo Sbampato
388,Julian von Haacke
10625,Luis Bilbao
11489,Manuel Ravasio
9093,Damiano Franco
10081,Francesco Migliardi
11258,Ylies Aradj
4149,Pedro Astray
9891,Bruno Bertinato
4808,Mayindou Madianga
12102,Daniel Theiner
11635,Tommaso Del Lungo
8093,Brandon Austin
6330,Fashion Sakala
11968,Kevin Zeroli
12167,Simone Calvani
5268,Patric Klandt
12115,Adrián Niño
11520,Lorenzo Bernasconi
6700,V�ctor Pastrana
10953,Pau Victor
8123,Denis Portanova
10933,Mattia Motolese
10285,Liam Gibbs
5151,Cristian Salvador
10333,Morré Makadji
8076,Alexandre Phliponeau
10521,Matthias Köbbing
4407,Russell Griffiths
9007,Lucas Cañizares
11694,Andrey Ivlev
1593,Titas Krapikas
9286,Teddy Bartouche
6670,Giacomo Boccafoglia
10466,Metinho
12114,Luigi D'Avino
4014,Ettore Gliozzi
3780,Jonathan Mexique
6413,Micheal Scarf
6444,Alessandro Fiordaliso
3982,Nabil Jaadi
8848,Dimitri Lavalée
6539,Joy Mukena
12089,Uros Drezgic
3955,Myles Anderson
10411,Jakob P�lsson
3723,Julien Benhaim
7244,Antonio Pio Daniele
11076,Rijad Smajic
11692,Aleksey Lysov
9422,David Byazrov
8547,Diego Abbrandini
9736,Robert Street
10966,Andrea Sorrentino
12233,Simon Walde
10959,Davide Merola
11051,Nikita Gloydman
4478,Manny Onariase
8349,Evgeni Livadnov
5829,Luca Ceccarelli
8800,Oscar Linn�r
10569,Andrei Anton
10218,Javier Castro
11196,Cameron Plain
9242,Max Geschwill
5147,Josué Dorrio
10183,Guillem Jaime
11581,Florent Duparchy
3926,Davide Mordini
4013,Alessio Agrifogli
10663,Ivan Zazvonkin
2286,Pablo Hern�ndez
5515,Yuriy Shleev
5546,Mateusz Hewelt
10351,Salah-Eddine Oulad M'hand
6703,Maxime Sivis
9971,Mohamed Ihattaren
11873,Kirill Nikishin
4928,Marius Adamonis
7513,Mazire Soula
9091,Noé Sommer
544,Stephen Hendrie
1775,Ben Hinchcliffe
7399,Marco Spina
6462,George Thomas
3917,Mattia Muroni
8577,Luis López
9349,Maximilian Zaiser
12254,Hendry Blank
7115,Yohan Bilingi
1019,Martin Samuelsen
11197,Mat�as �rbol
4993,Stefano Greco
6565,Andoni Zubiaurre
8550,Rim Egofarov
9313,Richard Nartey
2961,Yuri Shafinsky
8524,Rub�n Garc�a
6685,Salvatore Elia
9075,Ruben Providence
8162,Tom Dele-Bashiru
7491,Lucho
10575,Emanuele Zuelli
9155,Abdoulaye Ousmane
431,Nico Beyer
8395,Chinedu Ekene
10624,Melvyn Remy
7362,Eduardo Bubacar Baldé
11663,German Ignatov
4664,Ruslan Galiakberov
12142,Nicolò Calabrese
11589,Matteo Bassi
9388,Danila Bokov
10503,Mattia Turra
12043,Christos Mandas
9895,Nicolò Cavuoti
9468,Miguel Azeez
11148,Nikolaos Botis
1005,Raphael Spiegel
7027,Arijanet Muric
7361,Niccolò Ricchi
2473,José Carrillo
5765,Romain Cagnon
10319,Adrián De la Fuente
10874,Ángel Fortuño
2700,Eric Oelschlägel
11404,Endri Muhameti
6984,Michal Marcjanik
11576,Santiago Eneme
8139,Taylor Perry
10263,Alaa Bellarouch
8955,Francesco D'Alterio
442,Henrique Sereno
9498,Robert Vallribera
11047,Mattéo Loubatières
7407,Azzeddine Toufiqui
5588,Joel Taylor
10639,Semen Yurin
5472,Ilya Altysh
8889,Igor Lucatelli
11670,Roberto Fern�ndez
9183,Sören Ahlers
2614,Julen López
4466,Frankie Sutherland
7357,Francesco Verde
2679,Daniel Zeaiter
10315,Iurie Iovu
5450,Ivan Komissarov
8521,Alfie Lewis
11472,Matteo Colombo
4320,Marco Schuster
8326,Maduka Okoye
12194,Bradley Ibrahim
8281,Florentin Bloch
395,Julian Derstroff
1919,Riccardo Cestaro
11896,Giacomo Stabile
10495,Sergio Diez
9239,Mamadou Simbakoli
10512,Oliver Fobassam
6491,Dujon Sterling
5285,Marius Müller
11417,Mannah Chiwisa
6541,Erdal Rakip
6767,Cristian Mutton
5579,Matthew Willock
7363,Luca Belardinelli
10158,Vincent Angelini
7497,Alexandre Tégar
4843,Gjoko Zajkov
9350,Armindo Sieb
10566,Miguel �ngel Brau
10521,Matthias K�bbing
7400,Cristian Rodr�guez
3144,Andr�s Prydiuk
4200,Sanz
5534,Anton Fedyushkin
11172,Nolan Bonte
11891,Lorenzo Russo
10349,Mika Biereth
6809,Vitali Zhironkin
10017,Artem Ismagilov
8201,Julian Krahl
12178,Niccolò Pierozzi
4470,Raheem Hanley
8545,Sergei Samok
10032,Amay Caprice
10215,Harvey Vale
4100,Borja L�pez
5161,Roberto Olabe
7558,Vladislav Tereshkin
11391,Jeremiah Chilokoa-Mullen
2305,Adrián
10202,Charlie Patino
7906,Glody Ngonda
9654,Julien Boyer
1856,Richard Marcone
4958,Alessandro Quaini
8382,Jon Sillero
6322,Jesper Verlaat
9913,Aaron Ramsey
2580,Ousseynou Cissé
3793,Charly Beber Serreri
4224,Edu Payá
7159,Andrei Lupu
9149,Arnau F�brega
1758,Cameron Carter-Vickers
4306,Patrick Drewes
7855,Alexandre Gameiro
1756,Ben Wynter
11480,Maksim Balakhanov
9253,Teddy Jenks
11888,Matjaz Kamensek-Pahic
5316,Marcus Mlynikowski
7434,Gabriel Brazão
12077,Ilya Kirsch
9441,Matteo Saccani
9135,Davide Masella
9446,Thanawat Suengchitthawon
10228,Ivan Saio
8039,Luka Dumancic
10360,Noam Bonnet
6472,Filip Manojlovic
11144,Dmitri Malykhin
12093,Jacopo Antollini
12224,Joe Hugill
11060,Giacomo Faticanti
10423,Lasse Rie�
4224,Edu Pay�
12141,Alexandre Tunkadi
9137,David Wieser
11566,Jacopo Del Bello
1073,Ryan Fulton
10507,Roman Lazar
11168,Abdullo Dzhebov
5190,Quique Cebriá
10419,Manuel Lama
7202,Artem Poplevchenkov
11590,Alessandro Sersanti
10362,Aylan Benyahia-Tani
3184,Oleg Roganov
4919,Raul Zucchetti
11528,Benjam�n Garay
11201,Julius Schell
5285,Marius M�ller
7153,Matheus Pereira
11250,Théo De Percin
9224,Cheikh Diaby
11473,Maksim Aleksandrov
3919,Marcello Sereni
10992,Alejandro Rodriguez
4040,Samu
8338,Aleksandr Evinov
6737,Maxime Bernauer
4357,Damian Ro�bach
8552,Nikita Shtyrlov
2007,Bruno Gomes
8060,Florian Flecker
4533,Tom Hopper
9436,Marvin Obuz
9530,Gabriel Haider
4382,Hany Mukhtar
8185,Giuseppe Ciocci
10144,Nacho Quintana
11059,Killian Phillips
8580,Pere Garc�a Bauz�
4477,Thomas S�rensen
995,Luke Croll
6909,Issa Marega
4915,Andrea Mastino
12280,Jakob Löpping
11532,Javi Pamies
5017,Sebastian Breza
2781,Stas Pokatilov
11960,Ander Sánchez
1637,Marco Acatullo
11037,Miguel Llabr�s
1957,Claudio Winck
5021,Simone Ghidotti
12172,Luc De Fougerolles
2568,Ibrahim Diallo
4973,Francesco Mele
8233,Jake Eastwood
8282,Silvio Colella
9198,Unai Marrero
11406,Giovani Versini
11216,Rodrigo Mendoza
12098,Jastin García
3594,Matteo Petitgenet
5455,Pavel Ovchinnikov
4166,Charlie Took
10355,Sergio Bono
12145,Kény Mbala
12182,Jon Aramburu
12247,Leo Castledine
10212,José Luis Friaza
9564,Malcom Bokele Mputu
9785,Timothe Rupil
7209,Ousseynou Ndiaye
11553,Matthew Dibley-Dias
5183,Álvaro Molina
2493,Borja Galán
5820,Andres Llamas Acuna
4949,Luca Magnino
11631,Unai Hern�ndez
5315,Patrick Sussek
9934,Mika Schroers
10337,Samuel Giovane
11592,Nico O'Reilly
2015,Federico Franchini
10597,Joffrey Bazié
9405,Jakub Ojrzynski
5521,Rashid Magomedov
3104,Alireza Haghighi
9488,Yann Kembo
9390,Alejandro Marqu�s
7098,Gabriele Rolando
8373,Robert Voloder
8848,Dimitri Laval�e
8964,Asier C�rdoba
10588,Yakine Said M'Madi
10565,Alberto Moreno
4201,Fran Morante
11601,Leon K�hl
9692,Karl Hein
10597,Joffrey Bazi�
11004,Terry Ablade
4966,Vasco Oliveira
3232,Olivier Sorin
1820,Francesco Bordi
11301,Daniel Adu-Adjei
6621,Jaroslaw Jach
7205,Steven Sessegnon
7534,Sam Woods
7139,Benjamin Leneis
10046,Nikita Matyunin
7412,Antonio Candela
7451,Lassana N'Diaye
1240,Stanley Amuzie
11453,Achraf Laaziri
9786,Ben Bobzien
4165,Txusta
7259,Kylian Kaiboue
8594,Mihael Onisa
11164,Martial Godo
3940,Pierluigi Cappelluzzo
9228,Luke Mbete
10962,Gabriele Indragoli
6437,Justin Hoffmans
11565,Bonota Traor�
9819,Jorge Moreno
2060,Abdullahi Nura
7327,Hakim Ouro-Sama
8019,Tudor Baluta
5577,Dael Fry
7782,Sulley Muniru
8535,Will Ferry
7294,Josh Knight
2305,Adri�n
8555,Aikhan Guseynov
11724,James Shea
4696,Marco Ureña
4225,Jos� Carlos
5276,Leo Weinkauf
3959,Diego Rossetto
12129,João Costa
6245,Cenk G�nen
11085,Nikita Khlusov
3078,Ilmir Nurisov
9895,Nicol� Cavuoti
9088,Mathyas Randriamamy
3680,Bradley Mazikou
11837,Tom Hülsmann
7571,Cheikh Niasse
4511,Rory Watson
3060,Mauricio
9087,Iván Martínez
4098,Derik
6209,Pawel Bochniewicz
6320,Franchu
6758,Lorenzo Peli
10234,Cristian Aucelli
12106,Antonio Tikvic
10587,Kanfory Kaba
10762,Lyle Taylor
11373,Leonardo Pedicillo
11615,Lorenzo Ignacchiti
12020,Tommaso Guercio
9553,Sylvester Jasper
4220,Sergio Aguza
11462,George Shelvey
1773,Greg Olley
4520,Paddy McCarthy
11375,Pietro Candelari
9959,Joe White
11364,Ben Greenwood
10298,Edoardo Pieragnolo
8262,Lewis Gibson
2601,To�o
8074,P�p� Bonet
5182,Toni Dovale
11198,Bartug Elmaz
11212,Martín Conde
6261,Maxime Leverbe
5318,Dominik Franke
5354,Nils Rütten
6123,Sergi
7848,Jonathan Bumbu
8339,Sergey Ivanov
11279,Ali Dembélé
8125,Carlos Marín
1916,Antonio Calabrese
6687,Over Mandanda
10874,�ngel Fortu�o
6713,Samuel Robert
11125,Martin Svidersky
3541,Charles Vittini
3911,Davide Merelli
7204,Andrea Di Maggio
9254,Frederik Alves
11492,Raúl García
11205,Biel Farrés
11604,Mert K�m�r
6022,Mamadou Thiam
11588,Diego Russo
9998,Daniil Nikolaev
4954,Riccardo Baroni
12147,Callum Scanlon
11876,Luca Marianucci
3994,Lorenzo Bardini
1833,Enrico Baldini
6397,Alfie Whiteman
9282,Boubacar Fall
7257,Paul Will
11997,Mohamed Jaouab
10388,Luka Ilic
11044,Ilya Belikov
10103,James Storer
12085,Ronnie Stutter
12015,Guilherme Fernandes
10989,Vicente Bellmunt Garcia
8936,Santiago Ramos Mingo
5581,Ethan Robson
4343,Dominik Reimann
11661,Tom�s Muro
11466,Tommaso Vannucchi
9319,Thomas McGill
10259,Alessio Rizza
6291,Diego Pamp�n
3760,Anthony Lamonge
11374,Simone Giorgeschi
3935,Luca Ravanelli
6645,Akishin Aleksandrovich
11142,Pierre Ganiou
11548,Liam Morrison
5802,Fod�
11477,Hugo Lamy
9391,Riccardo Capellini
1057,Jindrich Stanek
10340,Lisandru Tramoni
6423,Max Melbourne
11414,Javier Dom�nguez
9456,Jos� Bica
10138,Fabio Cortinovis
6751,Rapha�l Adiceam
1081,Josh Vickers
4800,Baptiste Valette
4477,Thomas Sørensen
9616,Gr�goire Coudert
4998,Raul Oprut
9613,Gael Nsombi
6768,Vitja Valencic
1937,Fernando
12117,Álvaro Carrillo
4375,Fabian Pietler
9611,Georgiy Korolev
2723,Pavel Patsekin
4980,Bryan Costa
7362,Eduardo Bubacar Bald�
470,Rhoys Wiggins
8474,Jose Javier Hualde
8596,Patrick Enrici
11502,Aleksandr Alhazov
12075,Kauã Santos
3892,Riccardo Bertozzi
11935,Diego Kochen
8152,Garissone Innocent
4978,Lapo Carradori
5599,Kieran O'Hara
8514,Marcos Lavin
6093,Nicolas Sessa
10951,Eric Monjonell
9296,Chinchu
7253,Mikhail Yakovlev
4926,Abukar Mohamed
6764,Quique Fornos
1373,Valentin Cojocaru
10341,Luigi Palomba
10210,Aleix Gorjón
11506,Artur Zagorodnikov
9476,Maksim Kolmakov
2520,Pablo Iñíguez
11441,Lovro �tubljar
10233,Justin Kumi
9598,Aleksei Kuznetsov
6291,Diego Pampín
7606,Stefano Russo
10316,Jacopo Desogus
5011,Leonardo Loria
3095,Vitali Shilnikov
6676,Christ Kouadio
1260,Edoardo Soleri
7445,Facundo Colidio
9151,Leighton Clarkson
9464,Boubakar Camara
10482,Adri�n Quintela
9485,Yannick Brugger
377,Patrick Weihrauch
5001,Matias Antonini Lui
11501,Zakhar Fedorov
5027,Massimo Tazzer
12050,Dominique Youfeigane
9148,Mathis Bruns
4594,Eduard Baychora
8261,Gio McGregor
8534,Christian Pierobon
12213,Oluwaseun Ogbemudia
11973,Alex González
9742,Vladimir Panov
11901,Tomasso Martinelli
11352,Gabriel Tutu
11476,Nehemiah Fernandez-Veliz
10442,Denis Osokin
11307,Joselito
4945,Mohamed Rabbas
11557,Stanislav Cherchesov
5747,Theodore Efouba Ayissi
8157,Sacha Semanoun
9827,Owen Dodgson
10840,Ilya Kuptsov
11950,Zinedin Smajlovic
12146,Spyros Angelidis
8866,Gaizka Campos
11584,Ethan Wady
8234,Gon�alo Cardoso
6571,Marcel Lizak
2473,Jos� Carrillo
4707,Damien Perquis
6545,Bilal Hadraoui
1620,Simone Giuliano
4994,Manuel Nicoletti
12074,David López
5006,Francesco Scavo
8202,Marco Molla
10473,Jonathan G�mez
11434,Macky Bagnack
11685,Kirill Popov
11575,Sean McAllister
8900,Diego Bri
12275,Willy Kambwala
8800,Oscar Linnér
4863,Pierre Lavenant
10210,Aleix Gorj�n
1137,Alessandro Plizzari
10662,Dmitri Begun
10560,Jesus Lopez
10282,Joan Rojas
10589,Jandro Orellana
4318,Filip Daems
8802,Lennart Moser
6431,Erwin Mulder
8683,Vladislav Yarukov
1521,Gabriel
11195,Yegor Yarmolyuk
11688,Timofey Kashintsev
1565,Luca Borrelli
6319,Thomas Rodr�guez
8693,Jasurbek Jaloliddinov
8843,Mattia Mustacchio
9037,Abdallah Basit
11032,Ben Knight
6625,Efkan Bekiroglu
11464,Stan Berkani
11315,Joey Muller
4020,Cristiano Lupatelli
10910,Mattia Ciucci
6564,Dorian Grange
5386,Denis Vambolt
11048,T�o Allix
8516,�lvaro Garc�a
11870,Reno Munz
2684,Joel Abu Hanna
9484,Cheikh Diamanka
9102,Jack Jenkins
3984,Michael Agazzi
7623,Alessandro Cerbara
8833,Raúl Blanco
5010,Bismark Ngissah
6284,Alexandros Katranis
10162,Jonathan Tomkinson
4519,Marnick Vermijl
11993,Daniel Luna
3120,Khalid Shakhtiev
7361,Niccol� Ricchi
8527,Danil Beltyukov
8488,Nicolo Radaelli
9424,Pablo Cuñat
11545,Jérémy Jacquet
9570,Alexander Dyachkov
11176,Daniel Katic
4359,Lucas-Julian Scholl
6256,Chuli
8766,J�r�my Blasco
2678,Michael Stegmayer
11534,Souma�la Sylla
6742,Nikita Repin
10094,Nikita Khlynov
7114,Dorian Bertrand
10109,Exauce Mpembele Boula
11066,Yaya Fofana
11230,Dale Taylor
12120,Noam Mayoka-Tika
1770,Max Stryjek
10534,Matvey Vladislavovich
10000,Nohan Kenneh
9070,Luca Philipp
6453,Bastien Rempp
5937,Vadim Chuhlantsev
8516,Álvaro García
5147,Josu� Dorrio
7275,Nikolay Rybikov
9292,Oucasse Mendy
2059,Federico Gino
6752,Theo Barbet
11225,Maximilian Br�ll
10148,Ibrahima Camara
6339,Lorenzo Bruzzi
3903,Stefano Gori
10164,Jules Raux
1067,Connor Dymond
1893,Gaspar ��iguez
11949,Alexandru Borbei
9517,Valentin Decarpentrie
10912,Mats Lemmens
6624,Karlo Butic
11222,Martinelli Tommaso
1613,Ransford Selasi
11300,Dominic Sadi
2697,Ioannis Gelios
10499,Cesar Fernandez
3615,Douti Gbampok
6065,Jessy Benet
10356,Carles Marco
11299,Devis Vásquez
3086,Ilya Zuev
10180,Marcelo Pitaluga
1540,Moustapha Seck
8432,Iván Amores
4878,Nassim Badri
7654,David Volk
11162,Francesco Raffaelli
4651,Valery Alshansky
5813,Valerio Mantovani
4212,Manuel Lanzarote
6250,Tashan Oakley-Boothe
9073,Andreas Jungdal
4174,Jos� Fran
10146,Paul Grave
8265,Jakob Busk
10603,Carlos Gim�nez
5605,Daniel Kemp
2615,Dani Lorenzo
2247,Nacho
11551,Marco Palestra
5002,Nicholas Pennington
6721,Alex Dos Santos
7478,Anton Shitov
7488,Alessandro Marongiu
5819,Andrea Liotti
9213,Marco Frigerio
11538,Raphael Lipinski
3656,Yhoan Andzouana
10249,Jamie Lawrence
11260,Aitor Gismera
8925,Darian Males
2536,Jeft�
4303,Axel Borgmann
10591,Tiago �ukur
6693,Aleksandr Sheplyakov
11169,Kofi Balmer
10314,Jan Oliveras
11599,Madi Monamay
5807,Clement Michelin
9459,Remy Vita
11999,Ismaila Coulibaly
7250,Kevin Mouanga
9695,Alessandro Burlamaqui
10443,Georgi Sulakvelidze
2016,Alberto Picchi
4198,Jonathan Bijimine
12121,Paco Sanz
9634,Mohamed Cisse
1779,Keshi Anderson
11505,Aurelien Pelon
9447,Niakhate Ndiaye
10326,Miguelito
4652,Nikita Sorokin
6694,Ángel López
4997,Illia Briukhov
10871,Francisco López
10165,Ajibola Alese
12140,Léo Jousselin
10018,Dmitri Kaptilovich
4663,Alexander Seraskhov
11655,Mikail Akhmedov
11940,Samuel Nwachukwu
9871,Simone Ianesi
5156,Andr� Moreira
9251,Christian Walton
989,Jake Gray
11217,Florian Dimmer
10299,Yeferson Paz
5007,Davide Borsellini
8125,Carlos Mar�n
4691,Arsen Goshokov
3991,Filippo Boni
10522,Vladislav Teplyakov
5359,Deji-Ousman Beyreuther
11192,Jack Wells-Morrison
4100,Borja López
5163,Roberto Núñez
8822,Ryan Inniss
9094,Samuele Vitale
6632,Sergei Eremenko
10009,Alan Godoy
10637,Timur Nikolaev
11972,Roman Safronov
12195,Charles Sagoe
8247,Jacopo Pellegrini
8484,Lukas Jensen
11630,Salim El Jebari
10011,Marc Carmona
7621,Roberto De Angelis
7337,Adri�n Tellado
4517,Cristian Ceballos
5585,Charlie Rowan
11190,Lewis Payne
10436,Zak Swanson
1038,Alex Palmer
11634,Daniel Rodríguez
7503,Pablo Moreno Taboada
6662,Nicola Borghetto
10526,Abu Kamara
9480,Aaron Kamardin
9193,Matteo Carnelos
11199,Egor Totsky
6692,Enrico Del Prato
5004,Francesco Forte
3650,Florian Escales
8375,Roman Denisov
8902,José Salinas
9418,Shane Flynn
6520,Giovanni
6594,Marlon S�ndermann
10775,Lewis Warrington
2687,Aloy Ihenacho
7622,Alessio Bianchi
9184,Cem Tuna Türkmen
6664,Conor Masterson
10255,Sadik Fofana
11629,Abdellah Raihani
3267,Lucas Bobe
5016,Fabrizio Brignani
9149,Arnau Fàbrega
9117,Jesús Rodríguez
10421,Joseda Álvarez
11706,Martín Tejón
5334,John-Patrick Strauß
1923,Antonio Donnarumma
8927,Sergio Yakubiv
11521,Yacine Gaya
7618,Mukhtar Khanmurzaev
8528,Bodgan Rogochiy
9861,Jonas Urbig
4697,Aleksandr Ageev
5481,Georgiy Kyurdzhiev
6650,Josh Pask
11179,Sergio Mestre
11210,Nathan Fraser
12220,Abraham del Moral
10075,Romano Floriani
4465,Lubomir Satka
991,Lloyd Dyer
4815,Jonathan Beaulieu
5589,Alex Pike
6077,Javi Jiménez
8558,Igor Maltsev
7890,Tanguy Kouassi
1794,Roman Tchanturia
3828,Andrea Gemignani
1751,Julien de Sart
4658,Konstantin Kertanov
4901,Filip Vaško
11980,Joseph Johnson
11933,Emanuele Elia
7928,Abdoulaye Traore
11145,Stefan Parkes
10240,Zsombor Senko
1961,Manuel Arteaga
10859,Joe-Loic Affamah
11979,Eddie Beach
11628,Arttu L�tj�nen
9792,Mamadou Camara
4876,Jerrold Nyemeck
6812,Sergei Eschenko
4187,Peral
8836,K�vin Boma
11244,Rhys Bennett
10080,Juan Artola
11698,Bruno Iribarne
12222,Mohamed Koné
3385,Yohan Campanini
5782,Lucas Triki
5362,Fabijan Buntic
7619,Valentin Andyamov
12185,Kandet Diawara
9119,Carlos Le�n
10070,Arne Schulz
5378,Aleksei Berezin
10066,Malcom Musquet
5301,Igor Berezovskyi
6499,Andrea Donadello
12210,Áron Yaakobishvili
7337,Adrián Tellado
6106,Jiri Skalak
4995,Mattia Cozzari
9508,Brooklyn Ezeh
11988,Nikita Korets
6988,Simone Aresti
10137,Andrea D'Aniello
8490,Dragan Rosic
6677,Leonid Mironov
10722,Luke Chambers
4033,Marko Vesovic
11316,Euan Pollock
12173,Alejandro Morata
7610,Joao Piai
8459,Pablo Pérez Rico
1774,Josh Clackstone
11184,Nicolas Glaus
7914,Sahverdi Cetin
3846,Milan Milanovic
11931,Filippo Alessio
6498,Mak Varesanovic
8147,Ivi
8628,Charly Jan
4976,Leonardo Sarzi Maddidini
8367,Frederik Jakel
7356,Giuseppe Marciano
4458,Michael Petrasso
11368,Wanya Marçal-Madivadua
5476,Rustam Vazitdinov
6429,Vladislav Soromytjko
7552,Redi Kasa
6808,Georgi Kyrnats
12138,Jadan Raymond
4007,Romano Perticone
659,George Dobson
7311,Timothy Eyoma
11047,Matt�o Loubati�res
6547,Andrea Marcucci
3840,Pavol Bajza
12101,Mikhail Nedospasov
6465,Alessio Miceli
4147,Bernab� Barrag�n
8290,Edoardo Corvi
10219,Oscar Medina
6374,Nicolo Cabras
11595,Alfie Gilchrist
8541,Enrico Oviszach
9048,Samuele Vianni
10754,Matija Sarkic
5022,Mattia El Hilali
3972,Samuele Massolo
4692,Shota Bibilov
4319,Thorben Marx
11128,Anas Nanah
6620,Diego Cavalieri
7300,Ludovico D'Orazio
10321,Lucas Margueron
6493,Kyle Taylor
10049,Dennis Deloriè
2262,Juanfran
12019,Gaizka García
12155,Zanos Savva
4053,Yeray
6005,Sabri Toufiqui
10598,Joseph McGlynn
10612,Roman Nogtev
7651,Nikita Dorofeyev
11977,Malamine Efekele
4992,Davide Buglio
7371,Carl Davordzie
8729,Mark Gillespie
6140,Adam Jakubech
4858,Abdou Aziz Thiam
3999,Antonio Vutov
9477,Pablo Ramón
11889,Daniel Macej
10361,Madyan Sounni
10087,Dar�o Ramos
9255,Ademipo Odubeko
3716,Mihai Roman
8536,Hubert Dawid Idasiak
7535,Matteo Soncin
5580,Stuart Taylor
6391,Nicol�s Gorosito
10338,Charly
3996,Alessandro Capello
11809,Lucas Bergström
4760,Romuald Lacazette
1082,Jordan Holmes
12005,Pau Cubarsí
5948,Vasilii Lukichev
11273,Lorenzo Villa
9210,Alfredo Pedraza
11151,Marc Casadó
12153,Facundo Esnáider
12259,Mohamed Sylla
7296,Felix Beijmo
9172,Gianluca Contini
11922,Morten Behrens
12227,Álex Padilla
1141,Felipe
4873,Florian David
10559,Matteo Bignetti
12171,Hector Fort
10053,Paris Maghoma
6366,Francesco Latella
10800,Kjetil Haug
6743,William De Camargo
10305,Daylam Meddah
10211,Josh Feeney
2458,Dennis
11734,Louie Marsh
4417,Jake Flannigan
7232,José Aurelio Suárez
11390,Diogo Monteiro
11614,Denis Cazzadori
10487,Alberto Milan
5809,Victor Mouangue Kingue
5566,Moses Makasi
11029,Lluc Matas
7975,Marco Bleve
8193,Lino Kasten
950,Anders Lindegaard
11571,Imari Samuels
355,Gianluca Curci
8275,Sebastian Eriksson
10602,Pablo Pic�n
5527,Aleksandr Morgunov
9289,Kyron Gordon
5237,Leon B�tge
6627,Vincent Peugnet
7590,Maksim Bogatyrev
7415,Andrea Errico
7661,Valery Pochivalin
8128,Benny Ashley-Seal
2672,Bruno Henrique
8138,Dominik Bilogrevic
8850,Saturday Erimuya
5465,Maxim Pavlov
2039,Francesco Corsinelli
3619,Sullivan Martinet
8256,Michele Laraspata
12057,Alessandro Calligaris
9050,Nik Prelec
8754,Geovanni Barba
9927,Sebastien Renot
3180,Artem Vyatkin
10223,Arnau Comas
11522,Demba N'Diaye
12284,Samir El Mourabet
4898,Rigoberto Rivas
12056,Issiaka Kamate
11895,Jacob Christensen
10513,Maximilian Somnitz
12216,Ben Jackson
8460,Kike Saverio
10563,Yuliwes Bellache
6463,Manuel Lombardoni
10777,Magomed-Deni Tsutsulaev
1925,Sandro Sakho
10147,Maissa Ndiaye
1199,Tommaso Cucchietti
3797,Simon Lefebvre
6507,Semuel Pizzignacco
6754,Pio Francesco Russo
7474,Milos Bocic
5334,John-Patrick Strau�
10665,Mikhail Culaya
12037,Djibril Konté
3947,Sebasti�n Gamarra
3974,Tomas Vestenicky
1090,Conor McAleny
3947,Sebastián Gamarra
979,Jamal Blackman
4502,Remie Streete
7673,Maksim Sedov
10614,Dami�n Rodr�guez
4946,Andre Isufaj
11748,Iñaki González
8064,Federico Zanchetta
9000,Lorenzo Moretti
9438,Iker Alvarez
11578,Mauro Bandeira
10614,Damián Rodríguez
10514,Maxime Wackers
5594,Thibaud Verlinden
12217,Joshua Duffus
2046,Housem Ferchichi
5163,Roberto N��ez
4967,Alessandro Guarnone
11397,Federico Caia
4827,Zakariya Abarouai
7301,Martin Graiciar
8104,Riccardo Mastrilli
4900,Luca Scordino
9432,Ousmane Ba
11562,Evgeniy Lukinykh
438,Daniel Mesenh�ler
8427,�ngel Baena
10429,Tayo Adaramola
5508,Ibragim Gaziev
12080,Enrique Fernández
12180,Javier Rodríguez
5387,Anton Googe
3900,Lorenzo Ferrari
6349,Alexander Molberg
12128,Tommaso Mancini
12237,Justin Bengui João
6319,Thomas Rodríguez
12269,Jenson Metcalfe
7573,Mikhail Kizeev
7806,Rifet Kapic
9020,Adama Traor�
9058,Antonio Zarzana
10063,Federico Zuccon
4350,Marc Hornschuh
11149,Aleksandar Stankovic
9136,Ryan Nolan
10311,Irwyn Lomami
4368,Dominik Reinhardt
3867,Gianmarco Celeste
11349,Mario Mart�n
7550,Gustavo Assun��o
9264,Nikolaos Michelis
3954,Mario Piccinocchi
10699,Luke Plange
7391,Alfie Jones
9184,Cem Tuna T�rkmen
10653,Andrey Evdokimov
3617,Ghjuvan Andria Piereschi
9536,Erwan Belhadji
3945,Armando Prisco
9994,Egor Pigaev
10246,Timo Kern
11593,Alex Robertson
6391,Nicolás Gorosito
11681,Gocha Gogrichiani
7331,José Ignacio Uche
2671,Felipe Lopes
6684,Kazaiah Sterling
12059,Giovanni Daffara
12286,Nobel Mendy
4638,Kirill Kostin
12258,Luc Zogbe
12260,Lisandru Olmeta
7816,Simon Straudi
9171,Francesco Cusumano
2616,C�mara
7310,Panzu Ernesto
5490,Viktor Patrashko
8468,Emin Ghazoini
8745,Gorka Zabarte
1077,Daniel Barlaser
10621,Alejandro
9331,Adam Oudjani
11628,Arttu Lötjönen
9846,Kwadwo Baah
10186,Ferr�n Quetglas
5024,Filippo Berardi
9314,Claudio Gomes
4308,Christian Wetklo
11726,John McAtee
11625,Alessandro Renzi
7348,Joe Tupper
6563,Nya Kirby
10582,Alex Kirk
7946,Paolo Cannistr�
12082,Pablo Busto
3881,Marco Soprano
7987,Niklas Hauptmann
7238,Joe Powell
10484,Alexis Lefebvre
9770,Yoel Ram�rez
4337,Timo Königsmann
9034,Diego Rodr�guez
11570,Marius Herzig
9909,Arthur Okonkwo
1767,Dimitrios Konstantopoulos
12276,Noel Aséko Nkili
6968,Miguel �ngel Morro
5834,Arturo Lupoli
7545,Luca Coccolo
11458,Pablo Valencia
11256,Tom Saettel
5348,Enis Bunjaki
2000,Agostino Camigliano
6438,Ron-Thorben Hoffmann
4660,Aleksander Marchenko
11478,Nikola Sekulov
10477,Yan Gudkov
12189,Hugo Rincón
11441,Lovro Štubljar
4357,Damian Roßbach
4847,Jeremi Kimmakon
5337,Juan Miguel Blanco-Lopez
7094,Ivan Lakicevic
9338,�scar Castro
4174,José Fran
1649,Christopher Oikonomidis
7564,Nnamdi Ofoborh
8529,Leonardo Campana
10517,Yassin Belkhdim
4172,José Ángel
4305,Zhang Xizhe
6503,Thore Jacobsen
1721,Mika
5775,Alexandre Menay
11609,Gabrielle Baldi
12025,Jelle Van Neck
4852,Dylan Mboumbouni
11508,Ish� Samuels-Smith
12122,Allou Thiare
11224,Lautaro Spatz
4021,Tomasz Kupisz
11213,Elia Tantalocchi
11739,Omari Kellyman
5792,Alexis Larriere
9157,Miguel San Román
3139,Evgeny Zharikov
3046,Denis Shebanov
12156,Jordan Amissah
6702,Makan Macalou
3718,Alec Georgen
7497,Alexandre T�gar
9875,Luca Palmiero
6679,Maurice Malone
1215,Vinicius
4964,Thomas Mascarenhas
12236,Justin Hubner
12277,Samuele Di Benedetto
11197,Matías Árbol
8160,Dani Morer
9481,Anatoli Anisimov
9949,Dilan Markanday
9196,Julian Frommann
1986,Roberto Ranieri
11037,Miguel Llabrés
9478,Julen Bernaola
11267,Diego Moreno
11530,Mario de Luis
9122,Alex Arnofoli
11641,Dmitri Burkin
10055,Florian Schock
11758,Ousmane Touré
11556,Nando Almod�var
6141,Scotty Sadzoute
9083,Karlo Ziger
4161,Moha
8084,Davy Rouyard
6622,Egor Sedov
11607,Ilya Moskalenchik
5183,�lvaro Molina
12268,Mahamadou Susoho
7423,Mikel Carro
11987,Daniel Gore
8931,Aleksandr Balakhonov
9117,Jes�s Rodr�guez
5811,Alessandro Speri
4171,Flavio Ferreira
2050,Nicola Guglielmelli
7344,Abdallah Ali Mohamed
7372,Yves Baraye
1051,Djair Parfitt-Williams
704,Marco Amelia
11146,Ryan Trevitt
9238,Ismail Bouleghcha
7538,Pepe Casta�o
9758,Pablo Gálvez
4230,Iago López
4822,Momar Bangoura
8427,Ángel Baena
10269,Tommaso Bertini
7403,Sergio Kalaj
2694,Hendrik Bonmann
9168,Mattia Timmoneri
9560,Niccolò Pietra
3166,Roman Kalyuzhny
3197,Eugenii Shumihin
10220,Iv�n Sanz
7820,Shinta Appelkamp
10033,Charlie Whitaker
12044,Dani Pérez
5193,Iu
444,Seung-Woo Ryu
4835,Goncalves Nogueira
4525,Anderson
6223,Jos� Carlos S�nchez
11206,Ousoumane Camara
10610,Vladislav Masalskiy
8724,Oliver Casey
8930,Yaroslav Shcherbin
10052,Cieran Slicker
11565,Bonota Traoré
9157,Miguel San Rom�n
10319,Adri�n De la Fuente
7588,Tommaso Farabegoli
8886,Dejan Vokic
1772,Dusan Kuciak
8377,Bogdan Zorin
10609,Mikhail Pogorelov
4452,Andy Wilkinson
3195,Daniel Ermakov
12022,Siren Diao
6588,Dmytro Khomchenovsky
8304,Samuele Oltremarini
9179,Franco Israel
8695,Cheick Djibril Bangoura
6813,Alexander Krikunenko
1002,Tommie Hoban
12221,Christos Papadopoulos
10225,Lucas De Vega
7553,Zourdine Thior
6309,Benjamin Verite
8077,Igor Dvoryashi
5013,Martin Remacle
3154,Vladislav Nurgaleev
4331,Rico Strieder
11597,Kevin Bruno
8095,Stephen Henderson
8404,Marco Rente
6200,Alessio Donnarumma
11545,J�r�my Jacquet
8551,Artem Privalov
10208,Kamil Conteh
11733,Adam Davies
7676,Andrey Vlasov
11020,Mikhail Shtepa
2316,Juanfran
8770,Juan Peñaloza
12212,Leon Zaydenzal
5473,Mihail Borodko
9832,Vladislav Cherny
9265,Enrico Di Gesù
12253,Bryan Fiabema
12207,Victor Parada
9309,Ryan Finnigan
7946,Paolo Cannistrà
7377,Julio Alonso
9975,Ahmed Sidibé
1783,Alex Baptiste
4006,Matteo Franchetti
4689,Inal Getigezhev
12208,Mika Baur
8264,Fabrice Hartmann
7456,Nicolas Wähling
9853,Simone Canestrelli
8302,Adrian Oeynhausen
563,Joe Riley
2557,Juancho
10201,Diego Pi�eiro
11409,Kaelan Casey
12110,Denis Shcherbitskiy
8428,David Ramos
10295,Louis Mouton
9318,Ben Davies
11510,Joan Puig
12154,Nabil Aberdin
11414,Javier Domínguez
9770,Yoel Ramírez
10276,Mattia Chiesa
9701,Gil-Linnart Walther
11124,Dmitri Ivannikov
9390,Alejandro Marqués
12009,Dimitrios Stamatakis
12203,Treymaurice Nyoni
6260,Simon Stefanec
8903,Claudio Medina
4292,Robert Almer
8814,Carlo Boukhalfa
7186,Juan Berrocal
2490,Álex Campos
4459,Brian Murphy
5934,Vasiliy Aleynikov
10277,Mattia Florio
7873,Ivann Botella
6728,Niclas Stierlin
11636,Iacopo Regonesi
3669,Valentin Voisin
10030,Louie Moulden
2926,Wanderson
7585,Brice Tutu
3966,Davide Lodesani
10231,Leonardo Pezzola
4669,Gonzalo Bueno
9532,Kike Carrasco
10548,Marco Somma
11631,Unai Hernández
3624,Florian Le Joncour
11529,Leonardo Mendicino
9230,Marius Liesegang
10929,Kikín
9074,Simone Farelli
11507,Travis Patterson
259,Nils Körber
3199,Andrey Mironov
5783,Joakim Balmy
11349,Mario Martín
9818,Iker Recio
5029,Andrea Cadili
8561,Kaine Hayden
6302,Adam Legzdins
6188,Pa Konate
7392,Jamie Yayi Mpie
8242,Noah Cr�tier
2703,Guilherme
33,Marius Gersbeck
10060,Iván Arboleda
7502,Iron Gomis
10785,Sofyan Chader
10120,Conor Bradley
4916,Riccardo Daga
11543,Luis Montiel
4685,Ivan Kluyev
9126,Gabriel Pereira Valadares
10557,Baptiste Boit
9235,Dimo Krastev
11872,Aitor Fraga
4677,Anton Lazutkin
12031,Ashley Phillips
2601,Toño
10554,Aleksandr Alekseev
12241,Semen Stolbov
6548,Alessio Riccardi
9407,Ryan Astley
180,Andreas Hirzel
10267,Mattia Damiani
8993,Álvaro Fernández
9975,Ahmed Sidib�
10241,Antonio Vergara
1650,Luca Germoni
10931,Curro Muñoz
3939,Nikita Contini
8322,Jean Marcelin
10428,Sam Waller
6761,Aritz Castro
6497,Aldo Caiazza
11612,Alessandro Falleni
11695,Kurban Rasulov
7849,Sami Lahssaini
11240,Kadan Young
5822,Mattia Cella
11189,Tristan Crama
1058,Sean Goss
11442,Pavel Bocharov
2523,Diego Caballo
1087,Jonny Maddison
3675,Quentin Braat
8280,Fabio Porru
9166,Amjhad Nazih
5756,Carlens Arcus
9744,Justin Smith
10021,Diego López
12188,Zack Nelson
9545,Omer Hanin
1349,Alessandro Confente
8583,John-Kymani Gordon
4310,Khaled Narey
9081,Nikolai Rehnen
9475,Denis Franchi
10051,Marlon Morgenstern
1068,Tom Beadling
9232,Kgaogelo Chauke
3883,Alberto Frison
6995,Fabrizio Bagheria
6400,Antonio Mart�nez
12246,Luca Barrington
7456,Nicolas W�hling
7594,Alessio Furlanetto
3808,Victor Paillon
9125,Eusebio Monzó
10019,Eduard Bagrintsev
8273,Gabriel Boloca
9321,Louis Munteanu
12192,Othmane Maamma
3950,Claudio Morra
5814,Loris Zonta
12018,Bor Zunec
8604,Bogdan Mishukov
12092,Matteo Brezzo
10242,Jonathan Spedalieri
3971,Ismael Sliti-Taider
4055,Dani Estrada
2984,Tamirlan Dzhamalutdinov
6629,Eduardo Frías
5325,Christian Ortag
10958,Emil Kornvig
2257,Marcelo
12205,Mark O’Mahony
10207,Jon McCracken
9330,Lluis Andreu
6639,Tiago Dias
7591,Ramazan Kerimov
4963,Denis Petro
11068,Matteo Fiorenza
11939,David Pejicic
5175,Whalley
11396,Sekou Lega
10199,Ander Iruarrizaga
8835,Theo Pionnier Bertrand
11177,Josu� Mbila
11348,Djibrail Dib
10737,Mohammed Tolba
10600,Vladimir Shaykhutdinov
10571,Benedetto Barba
7671,Daniil Frolkin
4222,Daniel Iglesias
5531,Andrey Sidenko
11133,Lino Sousa
3234,Sega Coulibaly
7124,Davide Bettella
9555,Nile John
9636,Aymeric Ahmed
8579,Iago Dom�nguez
11393,Sil Swinkels
8169,Michael Verrips
11536,David Odogu
6640,Luka Markovic
9143,Dialy Ndiaye
10566,Miguel Ángel Brau
8074,Pépé Bonet
658,Doneil Henry
10556,Yannis Nahounou
1061,Cameron Humphreys-Grant
12165,Nazim Babaï
3173,Dmitri Goryachkin
10161,Álex Balboa
3008,Junior Ahissan
9116,Eris Abedini
4512,Charalampos Mavrias
5788,Benjamin Aulagnier
11302,Michael Dacosta Gonzalez
8742,Juan Flere
7237,Matthew Connolly
12223,Killian Prouchet
10628,Daniil Kamlashev
3076,Vladislav Shevchenko
9246,Javi Gasca
11497,Sebastian Revan
8483,Bobby Thomas
4522,Sebastian Lletget
11161,Johannes Schenk
9398,Ivan Budachev
11010,Reda Boultam
11568,Mario Maroto
9616,Grégoire Coudert
10506,Denis Mikhailov
7948,Khadim Ndiaye
9266,Lucas Freitas
11171,Marko Johansson
11725,Aidan Francis-Clarke
10488,Diego Stramaccioni
4516,Steven Hewitt
7248,Álex Domínguez
10619,Giorgi Gagua
8279,Aymane Mourid
11626,Pasquale Allocca
3796,Denis Bouanga
4314,Lucas Cueto
6751,Raphaël Adiceam
5137,Álex Muñoz
3132,Nicol�s Canales
4341,Maik Uhde
10239,Davide Mastrantonio
4172,Jos� �ngel
8867,Adri�n Bernab�
11969,Martín Pascual
9923,Jacopo Furlan
8305,Augustas Dubickas
10332,Filippo Mozzo
9688,Patrik Gunnarsson
6653,Dani Sotres
11586,Ebenezer Akinsanmiro
4893,Benoit Cheyrou
2598,Traver
4251,Sebastian Mielitz
8781,Maxen Kapo
3144,Andrés Prydiuk
12245,Tom King
5165,Àlex Carbonell
11469,Aleksandr Grigorjev
9223,Andreas Söndergaard
10570,Jacopo Sassi
5168,Zakaria Boulahia
7162,Jannick Theissen
9146,Viktor Alexandrov
11624,Lucas Lavallée
8747,Benjamin Besic
7434,Gabriel Braz�o
10918,Stève Mvoué
4996,Ibourahima Baldé
9482,Denis Novikov
6631,Giacomo Figliuzzi
11727,Allan Campbell
8486,Francesco Mazzolo
9248,Nigel Lonwijk
12256,Louis Mouquet
10540,Marcelo Flores
10617,Charlie Savage
10079,Coke Carrillo
10190,Lassina Sangare
10069,Jannis Lang
6294,Ander Cantero
11061,Michel Diaz
8085,Julien Fabri
9276,Jav� Mart�n
4796,Christophe Vincent
3941,Andrea Accardi
2533,Samu Villa
1606,Domenico Coppola
11261,Manuel Cocca
3146,Alexey Tataev
8946,Mourad El Ghezouani
10532,Giuseppe Ambrosino
1640,Giovanni Sbrissa
9091,No� Sommer
12087,Alessandro Scacchetti
1666,Tendayi Darikwa
11069,Matej Kovár
9004,Mattia Novella
9192,Jake Cain
10056,Kayne Bonnevie
8426,Felipe Chacartegui
3798,Adama Ba
2520,Pablo I��guez
4901,Filip Va�ko
6746,Jonathan Meier
11365,Max Kinsey-Wellings
10955,Alex Sala
9338,Óscar Castro
6425,Nathan Trott
12170,Joseph Nonge
6741,Pape Mbodji
4603,Artem Yarmolitsky
10127,Ronny Labonne
4868,Teddy Chaouche
7550,Gustavo Assunção
6968,Miguel Ángel Morro
6511,Romain Caumet
10043,Karim Mohamed
12054,Altay Bayindir
10214,Manuel Navarro
4679,Alexander Leykin
2387,Danilo
9347,Jamal Baptiste
9950,Tobi Omole
8054,Théo Vermot
11461,Romaine Mundle
11272,Nathan Butler-Oyedeji
1076,Liam Gibson
8229,Ekhi Bravo
6663,Ilya Gilyazutdinov
10175,Tom Gaal
8952,Eduard Dutu
10930,Etta Eyong
8315,Leonardo Mazza
5349,Atakan Akkaynak
8538,Jack Young
8501,Luis Klatte
4380,Marian Sarr
8945,Sergio L�pez
8947,Cesar Moreno
11394,Oliwier Zych
3949,Andrea Zaccagno
5561,Eduardo
9141,Lorenzo Bertini
3803,Rashade Sido
8993,�lvaro Fern�ndez
12097,Charlys
4337,Timo K�nigsmann
9829,Dominic Schmidt
8818,Juli�n Illanes
6668,James Daly
10433,Cesare Casadei
8153,Matias Fonseca
3918,Ivan Prtajin
10914,Alessandro Fontanarosa
9477,Pablo Ram�n
7583,Robin Ziegele
11279,Ali Demb�l�
6358,Dion Henry
11938,Etienne Camara
11499,Maxim Vedeneev
3768,Bilel Mohsni
5208,Manu Barreiro
8231,Leonardo Stanzani
9541,Harry Boyes
4999,Matteo Rossetti
8818,Julián Illanes
11110,Alejandro Iturbe
11011,Jonas Nickisch
7543,Andrea Rizzo Pinna
9310,Trey Vimalin
8088,Charalampos Makridis
4269,Daniel Lück
8578,Mohamed Ezzarfani
10524,Luca Bazzoli
6715,Adrien Bongiovanni
10235,Asan Mata
8172,Gavin Kilkenny
5030,Marco Pompetti
9180,Cosimo Marco Da Graca
8321,Razvan Sava
4857,Enzo Reale
7563,Seong-Hoon Cheon
11194,James Furlong
1796,Alessandro Giacomel
10482,Adrián Quintela
5271,Lukas Watkowiak
6072,Leonardo Rocha
6765,V�ctor San Bartolom�
1648,Emmanuel Latte Lath
3916,Werther Carboni
11069,Matej Kov�r
10908,Medon Berisha
10417,Laurenz Dehl
9726,Fabian R�th
6458,Connor Mahoney
2696,Thomas Blomeyer
10931,Curro Mu�oz
10592,Adrian Blake
9506,Eneko Ortiz
7429,Mohamed Bahlouli
10170,Nael Jaby
7469,Gleb Zakharov
10115,Mikhail Strelnik
10541,Mazeed Ogungbo
8485,Marco Meneghetti
5354,Nils R�tten
9087,Iv�n Mart�nez
9030,Filippo Rinaldi
353,Todor Nedelev
8164,Ewan Hatfout
4298,Mohammed Abdellaoue
9942,Eugenio Fusco
8054,Th�o Vermot
8457,Jesus Ruiz
9393,Mishel Pukhaev
5519,Andrius Rukas
7778,Sidney Friede
10929,Kik�n
7536,Javier Aparicio
11403,Tim-Justin Dietrich
6695,Gabriele Gori
3200,Alexander Kuznetsov
6629,Eduardo Fr�as
4451,Wilson Palacios
7537,Fallou Njie
9726,Fabian Rüth
11559,Lucas Laux
5331,Zsolt Kalmár
6660,Juan Ag�ero
10397,Ugo Raghouber
5570,Elliott Moore
6690,Joseph Tetteh
4988,Duje Javorcic
2035,Leonardo Candellone
2983,Timur Akmurzin
9456,José Bica
7495,Salvatore Pezzella
9097,Fabio Ponsi
9277,Teddy Boulhendi
12219,Danil Golikov
1551,Raul Asencio
9945,Capita
4326,Sebastian Ernst
3827,Matteo Biggeri
8081,Archie Mair
6527,Kyle Jameson
10013,Redouane Halal
11665,Vyacheslav Dorovskikh
5338,Fabian Benko
5018,Vincenzo Silvestro
12255,Paris Brunner
11537,Santiago Garc�a
7102,Marc Vito
3844,Danilo Ortíz
2279,Sergio �lvarez
8032,Maksim Eleev
8268,Bogdan Jocic
3171,Denis Kavlinov
8363,Andrey Ivashin
11188,Théo Borne
5781,Pierrick Fito
3775,Marc Vidal
8998,Niccolò Squizzato
8508,Salvatore Boccia
1921,Mario Ierardi
9925,Paolo Sciortino
9045,Claudiu Micovschi
8112,Wesley
12274,Seb Loeffen
10842,Noah Françoise
11467,Charlie Robinson
4974,Simone Mancini
9414,Marcel Johnen
11985,Ellery Balcombe
1910,Vincenzo Ceci
6054,Ederson
7496,Riccardo Cargnelutti
7428,Isaac Matondo
1991,Manuel Ferrini
6584,Nikita Goldobin
6554,Marco Pissardo
12116,Ademola Ola-Adebomi
11689,Aleksandr Koryakin
4195,Nacho Porcar
9758,Pablo G�lvez
2658,Tino Dehmelt
8606,Egor Generalov
10217,Antonio Marchena
10546,Damir Shaykhtdinov
1992,Ivan De Santis
5683,Ga�tan Robail
1798,Tommaso Fantacci
10379,Pau Mart�nez
9299,Giovanni D'Aprile
8336,Niklas Klinger
11652,Maksim Shiryaev
10421,Joseda �lvarez
10220,Iván Sanz
12264,Saïmon Bouabré
3968,Bruno Uvini
7323,Ali Koiki
8178,David Sangare
8833,Ra�l Blanco
6432,Rayhaan Tulloch
8494,Matthew Smith
12177,Francesco D'Alessio
12133,Steven Baseya
12168,Alejandro Jiménez
1799,Samuele Damiani
11188,Th�o Borne
8416,Sergio Lozano
8968,Bernardo Calabrese
3956,Andrea Palazzi
8998,Niccol� Squizzato
11229,Mattis Hoppe
6729,Sam Hughes
4720,Johann Durand
10591,Tiago Çukur
12242,Leigh Kavanagh
10257,Yacouba Barry
11587,Alberto Centis
11238,Simone Scaglia
5830,Paolo Parente
4909,Gergely Hutvágner
8495,Taylor Harwood-Bellis
9869,Carmine Iannone
9194,Alessandro Rigo
10434,Christalino Atemona
10481,Ilya Tuseev
4509,Liam Shephard
11369,Krisztián Hegyi
11413,Andrea Ferraris
6731,Ioritz Landeta
11684,Artem Chalyi
9152,Eugenio Pizzuto
1893,Gaspar Íñiguez
4861,Fabien Garcia
9185,Antonio Mionic
10272,Adri�n Rodr�guez
5165,�lex Carbonell
5683,Gaëtan Robail
10197,Noa Cervantes
9358,Valerio Labriola
6223,José Carlos Sánchez
11150,Adrián Corral
8099,Valentin Rabouille
4814,Maxence Chapuis
2513,Ander Bardaji
4527,Reece James
11381,Dawda Camara
7017,Emmanuel Besea
6735,Safwan Mbae
9548,Ruwen Werthm�ller
6700,Víctor Pastrana
9497,Hugo P�rez
8431,Omar Rekik
11089,Jordan Robinand
8917,Axel Desjardins
11761,Javier Martón
6725,Erick Ferigra
10543,Eugenie Kim
2675,Niklas Feierabend
8579,Iago Domínguez
4662,Dmitri Sysuev
10604,Dmitri Motovichev
10266,Riccardo Castagnaviz
3112,Konstantin Troyanov
10538,Lorenzo Di Stefano
8904,Gerard Barri
11885,Hamza Haoudi
3765,Thomas Biancardini
10509,Ivan Lyubukhin
4969,Diego Faccioli
4630,Shadrin
11150,Adri�n Corral
4655,Nikita Permjakov
11708,Ethan Horvath
1999,Mauro Coppolaro
1629,Aniello Viscovo
8543,Alfonso Pastor
8832,Pietro Boer
1988,Rafael Romo
10547,Dennis Stojkovic
12137,Vladimir Yarlykov
11033,Kaden Rodney
6744,Luismi Quezada
8255,Gianmarco Chironi
8510,Antonio Pacheco
1083,Corey Jordan
6913,�ric Montes
10134,James Morris
8991,Ilya Suhoruchenko
4179,Marcelo Djalo
3952,Matteo Gasperi
8079,Diego Altube
11661,Tomás Muro
8785,Cédric Kipré
11572,Ivan Bikoue
7279,Constantin Frommann
2023,Paolo Scannapieco
8999,Franco Orlando Vezzoni
9265,Enrico Di Ges�
8924,Giuseppe Agostino
1091,Daniel Pudil
5525,Ivan Khomukha
5949,Josimar Quintero
6562,Aaron Herzog
9617,Noah Sow
12071,Tim Köhler
7331,Jos� Ignacio Uche
2683,Patrik Dzalto
1074,James Horsfield
10664,Ruslan Shagiakhmetov
8062,Pietro Beruatto
9302,Juanjo Garrancho
9408,Kyle John
11353,Leo Rouille
12026,Roggerio Nyakossi
4504,Riccardo Calder
10461,Eric Ayiah
8957,Stefan Drljaca
5823,Alen Stevanovic
9354,Laurenzo Prso
12119,Antonin Cartillier
8181,Iñaki Álvarez
4028,Alessandro Salvetti
11747,Juan Herzog
11514,Vincenzo Cozzella
1995,Kristjan Matosevic
4057,Oyarzun
4321,Bastian Kurz
2204,Balazs Megyeri
5072,Rafael Mu�oz
5339,Phil Neumann
8567,Isaias Del Pupo
10528,Mikhail Volkov
10423,Lasse Rieß
8526,Fran González
9316,Ugo Bertelli
9836,Kirill Gurov
3844,Danilo Ort�z
424,Niki Zimling
8836,Kévin Boma
2635,Lukas Boeder
12003,Asaydulin Rasil
4521,Ryan Ledson
10087,Darío Ramos
4944,Michele Troiani
10261,Wabo Kamdem
6660,Juan Agüero
11221,Pablo Ramirez
12176,Devan Tanton
10359,Lucas Llort
7272,Sory Doumbouya
10842,Noah Fran�oise
7462,Egor Tushev
11303,Davide Bragantini
3874,Armando Vajushi
6479,Gauthier Banaziak
11214,Calvin Ramsay
2033,Gabriel Meli
5816,Filippo Damian
5817,Andrea Morello
10229,Giacomo Toniolo
10418,Matevz Dajcar
7156,Abdelmalik Hsissane
6574,Gabriel Salazar
9164,Simone Panada
4537,Cameron Dummigan
4214,Sekou Keita
4666,Danilo
9474,Leonardo Moleri
11554,Andres Sfait
11226,Philipp Schulze
5020,Alex Coppola
8572,José Luis Trápaga
8748,Nassim Innocenti
11555,Diego Gonz�lez
5826,Edoardo Oneto
1239,Andrea Tozzo
6435,Pierre-Daniel Nguinda Ndiffon
10776,Stanley Mills
7677,Malcolm Badu
9118,Rafael Romero
9967,Viljami Sinisalo
5939,Artem Mingazov
4885,David Sambissa
5314,Hikmet Ciftci
8174,Nikita Yanovich
1965,Lys Gomis
8932,Daniil Kuznetsov
9527,Gael Alonso
6480,Mamadou Sissako
12243,Ibrahima Sow
9890,�ttar Magn�s Karlsson
1069,Matt Butcher
12126,Rúben Montero
3806,Alphousseyni Sane
9380,Unai Ayala
11475,Reuell Walters
3735,Julien Da Costa
10254,Daniel Klein
5336,Furkan Zorba
11234,Michel Corentin
5547,Joe Williams
9411,Harry Tyrer
9894,José Manuel
7616,Iván Zirikov
11738,Iker Almena
9585,Artem Shmykov
4668,Bogdan Karuykin
5523,Roman Izotov
8593,Niccolò Chiorra
9433,Nathan Bishop
10379,Pau Martínez
10238,Lapo Francesco Maria Nava
11491,Nikita Kokarev
8770,Juan Pe�aloza
8557,Giacomo Olzer
9020,Adama Traoré
2536,Jefté
1918,Dejan Stojanovic
12283,Daouda Traoré
8994,Juan Manuel Sanabria
4986,Andrea Romagnoli
10344,Angelo Guida
4058,Cousillas
4484,Lewis Kinsella
8100,Ulrich Eneme
6137,Adri�n L�pez
9247,Mario Soriano
8234,Gonçalo Cardoso
9439,Riccardo Tonin
10416,Lucas De Bolle
10763,Oliver Hammond
3169,Ruslan Suanov
5331,Zsolt Kalm�r
10161,�lex Balboa
7595,Martin Sourzac
9551,Salah Basha
6146,Jan Zimmermann
9281,Enzo Valentim
2036,Patrick Corbelli
2493,Borja Gal�n
9346,Fabio Vanni
10420,Pablo Barrios
9776,Taichi Hara
4948,Edoardo Bovolon
3119,Tedore Grigalashvili
10149,Balla Moussa Man�
10114,Maxwell Haygarth
3662,Edvinas Gertmonas
3957,Lorenzo Caselli
7021,Hodei Oleaga
8005,Virgiliu Postolachi
12265,Fran Árbol
8434,Taylan Duman
10407,Zach Awe
4961,Andrea Tessiore
5227,Nicolas Feldhahn
11218,Gabriel Marusic
11418,Alphadjo Ciss�
1021,Kyle Knoyle
8258,Joseph Minala
6661,Thomas Candeloro
8977,Julian Albrecht
12179,Valintino Adedokun
8743,Jean-Pierre Rhyner
3096,Nikolay Kiritsa
11611,Francisco Gonz�lez
10093,Matthew Cox
7457,Moody Chana
6043,Kyle Scott
8680,Adil Ben Achour
5797,Ronan Touzet
10062,Andrea Oliveri
4686,Daniel Yaschuk
4203,Villalón
10117,Ilya Levchenkov
2607,David G�mez
3980,Diego Borghini
11823,Anton Mukhin
12125,Semen Fadeev
1769,Luke McGee
5592,Harry Lewis
12042,Daniel Peretz
12201,Edgar Pujol
12225,Lasse Wilhelm
4204,Javi Jim�nez
1584,Igor Lasicki
11429,Ismail Dibirov
12130,Josh Brooking
5537,Dmitriy Khristis
5407,Sandro Tsveiba
3110,Yury Zavezyon
9431,Malamine Doumbouya
7400,Cristian Rodríguez
9502,Ismael Dramé
3942,Mattia Del Favero
8937,Lanchi
11209,Harvey Griffiths
12279,Egoitz Muñoz
4482,Brad Friedel
11219,Luigi Cherubini
11941,Joel Malusà
7249,Lazar Nikolic
1261,Eros De Santis
8537,Dennis Cirkin
3975,Jadson
9502,Ismael Dram�
11604,Mert Kömür
2561,De la Calzada
4327,Zlatan Alomerovic
11560,Marcos Pe�a
10871,Francisco L�pez
11335,Leon Reichardt
1781,Josh Robson
2695,Sebastian Stolze
9901,Jacopo Fedrizzi
10022,Mattia Sangalli
1065,Niall Mason
6581,Islam Zhilov
10555,Matthew Garbett
4424,Matthew Gilks
7373,Ricardo Farcas
10773,Abdoulaye Kamara
10274,Dennis Curatolo
7460,Vladislav Mikushin
12100,Daniel Samek
8350,Vadim Lukyanov
6245,Cenk Gönen
17,Patrick Platins
10206,Thierry Small
7803,Michael Ratajczak
9258,Jacopo Ricco
12103,Mackenzie Hunt
4518,Dominic Ball
8324,Iba May
10769,Robin Risser
2013,Federico Abelli
11418,Alphadjo Cissè
11954,Mihai Popa
11067,Paul Bellon
8752,Pepe Blanco
3175,Ivan Knyazev
10529,Mamadou Camara
10659,Daniil Popov
1075,Callum Williams
9357,Giuseppe D'Agostino
11563,Dennis Seimen
8964,Asier Córdoba
7212,David Kopacz
7241,Diego Altamirano
8408,Genaro Rodríguez
9777,Toni Fuidias
12135,Guille Bueno
7542,George Marsh
9159,Giovanni Gabriele Garofani
7601,Lewis Cass
5828,Enrico Vencato
4810,Hugo Guichard
10204,Dynel Simeu
7480,Arturo Molina
11539,Xavi Sintes
5122,�lex Garc�a
1085,Tony Andreu
8593,Niccol� Chiorra
1647,Caner Erkin
1832,Mattia Bonetto
6390,Redru
8068,Matteo Raspa
9150,Ignasi Vilarrasa
4364,Nico Brandenburger
9142,Alexandre Pierre
8194,Mace Goodridge
8018,Daniil Markov
12252,Alberto Manzoni
8469,Alessandro Lombardi
9101,Davyd Alekseev
4979,Davide Seminara
10272,Adrián Rodríguez
6524,Maurice Covic
11372,Christian S�nchez
11682,Eduard Valiakhmetov
2616,Cámara
5357,Besar Halimi
7989,Richard Stearman
11341,Salim Akkal
10227,Carlos Benítez Royo
4322,Sven Mende
9261,Gabriele Artistico
11546,Matteo Falasca
2001,Matteo Gasperoni
6830,Danny Ward
10523,Marcos Fernández
8899,Nacho Pastor
10519,Valerio Biagini
8498,Roman Tugarinov
10176,Marc Leonard
12209,Aleksandr Degtev
12065,Taichi Fukui
8411,Andorinha
12262,Aingeru Olabarrieta
6559,Emanuel Ercolano
8043,Jan Kubala
2279,Sergio Álvarez
11277,Leonardo Dido
8173,Christian Saydee
11523,Serif Nhaga
9928,Anthony Musaba
9908,Filippo Neri
10979,Diego Fuoli
1262,Bogdan Lobont
8898,Luis Castillo
2286,Pablo Hernández
3132,Nicolás Canales
11048,Téo Allix
8539,Rodrigo Guth
11151,Marc Casad�
5367,Erdal Öztürk
6732,Gabriel Barbosa
12281,Kein Sato
7626,Erald Lakti
6186,Alessandro Bellemo
6158,Jo�o Schmidt
9516,Ludovico Gelmi
11619,Fabio Ruggeri
4023,Ignacio Jeraldino
12007,Tito Gasperini
10284,Pierre Ekwah
6832,Alex Smithies
8402,Kaan Kurt
11488,James Wright
11886,Lorenzo Palmisani
10965,Alessandro Micai
5578,Carl Stewart
4269,Daniel L�ck
9737,Scott Banks
10230,Kaur Kivila
5137,�lex Mu�oz
1929,Anton Kresic
423,Philipp Steinhart
5072,Rafael Muñoz
4985,Michal Tomic
5493,Maksym Bily
8198,Roberto Pierno
12248,Pau
6634,Seo Young-Jae
8352,Unai Etxebarria
6086,Ailton
9522,Taylor Gardner-Hickman
6439,Jonathan Klinsmann
8400,Ulysses Llanez Jr
3969,Alberto Iglio
11624,Lucas Lavall�e
11251,Matteo Makhabe
10264,Lorenzo Codutti
10549,Marcel Lavinier
9624,Filip Krastev
3637,Corentin Tirard
11555,Diego González
4899,Franck Djoulou
7538,Pepe Castaño
7404,Mauro Zitelli
12261,Pol Tristan
4698,Maksim Starkov
11820,Mathieu Patouillet
7642,Evgeni Bolotov
5275,Justin Eilers
4365,Tomas Kalas
12202,Noah Lahmadi
9167,Antonio Ranieri
9042,Matei Ilie
8530,Giuseppe Aurelio
10414,Raed Jaziri
8523,Alessandro Mercati
4254,Fabian Kalig
1619,Tommaso Berni
5564,Elliot Embleton
10185,Kris Moore
6459,Renato
9657,Nicolas Penneteau
5237,Leon Bätge
4637,Artem Katashevsky
11637,Danila Gayvoronskiy
9538,Paolo Sciortino
5156,André Moreira
7248,�lex Dom�nguez
10106,Lazar Carevic
3725,Baba Traore
3946,Andrea Gulli
4977,Elia Giampa
9469,Reece Welch
2700,Eric Oelschl�gel
7920,André Grandi
8220,Sergio Maselli
9188,Daniel Langley
11574,Bogdan Moskvichev
12034,Brandon Aguilera
5218,Giuseppe Leo
5827,Leonardo Serinelli
10212,Jos� Luis Friaza
2133,Adrián
11512,Federico Zorzi
9273,Lamine Tall
11170,Jacopo Seghetti
5583,Michael Phillips
4831,Zana Allée
9278,Eduardo dos Santos Haesler
4332,Karim Haggui
4506,David Cornell
4587,Ivan Chudin
11904,Unai Egiluz
8055,Jonas Hupe
7593,Philip Fontein
10537,Jamie Bowden
8459,Pablo P�rez Rico
9449,Marvin Elimbi Gilbert
8242,Noah Crétier
10934,Matteo Angeli
3752,Lucas Mocio
8575,Eric Lirussi
9857,Calvin Bombo
4018,Badara Sarr
7334,Gianluca Saro
8343,Nikita Kotin
10613,Kirill Fateev
12191,Maksim Syshchenko
4486,Mitchell Beeney
3902,Andrej Modic
10576,�lvaro Fern�ndez
6726,Daniel Rebollo
7607,Niklas Wiemann
8670,Zakaria Diallo
11952,Fodé Sylla
9377,Oleg Dzantiev
9119,Carlos León
3648,Andre Zambo Anguissa
10186,Ferrán Quetglas
6447,Kwame Yeboah
7554,Kaiser
5189,Vin�cius Ara�jo
1922,Daniele Sommariva
11245,Jordan Smith
923,Richard Wright
2804,Aleksander Shubin
3944,Ciro Polito
6682,Cl�ment Billemaz
7561,Isaac Hemans Arday
6400,Antonio Martínez
6652,Ali Gabr
12091,Danila Knyazev
2214,Carlos Carmona
11180,Owen Goodman
9064,Reinaldo Radu
9204,Soudeysse Kari
6077,Javi Jim�nez
10523,Marcos Fern�ndez
10247,Bright Arrey-Mbi
11028,Harvey Davies
9384,Tomas Rukas
3013,Vitali Kalenkovich
9870,Jacopo De Matteis
4817,Maxime Borges
10689,Ivan
7597,Gabriele Ferrarini
10149,Balla Moussa Manè
2045,Matheus Cassini
12148,Yuzún Ley
4877,Florent Ghisolfi
7949,Nicola Rauti
9513,Billy Koumetio
4680,Vahyt Orazsakhedov
10015,Filippo Tripi
3779,Raphael Diarra
10275,William Rovida
8630,Amir Arli
5003,Davide Arras
9080,Danil Pelikh
6137,Adrián López
12150,Jayden Luker
2526,Carlos Gonz�lez
1930,Tiziano Tulissi
9306,Alfie Devine
10296,Tommaso De Lorenzo
4480,Adil Nabi
12270,Elijah Campbell
3450,Franck Grandel
10201,Diego Piñeiro
7738,Sam Sanna
11369,Kriszti�n Hegyi
11075,Georg Strauch
11241,Amario Cozier-Duberry
9072,Gaizka Ayesa
6647,Luis Ndreu
9791,Mikhail Ivankov
6579,Vladimir Sugrobov
7232,Jos� Aurelio Su�rez
5122,Álex García
7433,Pier Paolo Salvati
2017,Nicola Mosti
1814,Giacomo Calo
1931,Alessandro Turrin
10961,Gian Marco Fantoni
9206,Emil Roback
9276,Javí Martín
8631,Bogdan Racovitan
10539,Elia Boseggia
259,Nils K�rber
9722,Leon Schaffran
10454,Tommi O'Reilly
9546,Nahuel Nicolas Noll
11513,Tom Negrel
9442,Federico Artioli
10485,Guemissongui Ouattara
11560,Marcos Peña
11821,Jorge Benito
4514,Luke Daniels
7464,Javito
10602,Pablo Picón
11596,Junior Bita
3963,Riccardo Gaiola
2032,Simone Mattia
11601,Leon Köhl
4950,Simone Franchini
10927,Antoine Nuss
8432,Iv�n Amores
2526,Carlos González
12166,Ritchy Valme
10142,Mehmet Ibrahimi
10167,Ben Nelson
11569,Víctor Rofino
5946,Konstantin Scherbakov
5799,Alexis Guendouz
4449,Liam Agnew
1586,Panos Armenakas
7587,Marco Curto
11270,Edhy Zuliani
8308,Filip Stankovic
12136,Kim Ji-Soo
7068,Tomasz Kucz
12234,Tawanda Chirewa
12161,Velizar-Iliya Iliev
7740,Elias Damergy
11463,Aaron Ciammaglichella
6333,Elisha Owusu
8246,David Heidenreich
4696,Marco Ure�a
11183,Daniel Shantaliy
9404,Liam Hughes
8408,Genaro Rodr�guez
7976,Thom Haye
12271,Clinton Nsiala-Makengo
5019,Denis Baumgartner
5447,Dmitri Kudryashov
3761,Andrea Gambetta
8785,C�dric Kipr�
4535,Karim El Ahmadi
12272,Myles Lewis-Skelly
9417,Florent Shehu
6488,Ruben Droehnle
3097,Vladimir Sobolev
6748,Vincenzo Pinto
11283,Leonardo Colombo
6246,Stefano Ciavattini
8505,Danilin Nikolaevich
9003,Szymon Czyz
12132,Federico Mosca
11556,Nando Almodóvar
12175,Aristide Njalla
4529,Josh Sheehan
413,Christofer Heimeroth
8225,Tyreece John-Jules
3109,Nikita Khaykin
8188,Nils Stendera
8573,Nil Garrido
11405,Victor Lebas
9231,Antonio Jos� Aranda
10049,Dennis Delori�
5815,Razvan Popa
10178,Ed Turns
10171,Thomas Dickson-Peters
11262,Juan Navarro
4025,Davide Zuccolini
7616,Iv�n Zirikov
9191,Dion Berisha
11177,Josué Mbila
7360,Nikola Pejovic
9063,Abdoul Hate Bane
9525,Tawanda Maswanhise
10124,Sebastiano Desplanches
10102,Davide Franzini
10085,Eljon Toci
5014,Alberto Reinaudo
3977,Marijan Coric
11173,Zidane Iqbal
6871,Panagiotis Vlachodimos
7093,Rok Vodisek
6714,Corentin Faussot
12021,Amadou Sarr
7615,Michele Bragantini
3101,Vladislav Suslov
2133,Adri�n
11205,Biel Farr�s
1009,Jack Rose
9291,Hugo Bueno
8595,Mattia Sandri
4831,Zana All�e
8572,Jos� Luis Tr�paga
4524,Jos Hooiveld
2566,Roger
3103,Carlos Eduardo
9454,Moha
9497,Hugo Pérez
10130,Dmitri Prishchepa
10489,Marco Moreno
4453,Jordan Williams
12047,Enso González
4035,Solomon Nyantakyi
5802,Fodé
10184,Archie Gray
7579,Hugo Hagege
8295,Pablo Lombo
5533,Idris Musluev
9859,Gor Manvelyan
903,Matt Macey
4351,Raif Husic
8581,Alex Cochrane
7684,Aleksandr Golubtsov
4147,Bernabé Barragán
969,Rene Gilmartin
5824,Silvio Anocic
7510,Cristian Rivero
5023,Marco Milanese
5604,Daniel Batty
7168,Anthony Mancini
10122,Filippo Frison
9221,Samed Onur
5005,Piermarco D'Angelo
10497,Yannick Engelhardt
12238,Théo Zidane
8477,Vito Radicchio
12010,Saná Fernandes
4681,Artem Leonov
5582,Noor Husin
9095,Raul Steau
12214,Ryan Johansson
7321,Nunzio Lella
11275,Andrea Bozzolan
11528,Benjamín Garay
7389,Cameron John
9452,Nabil Ouennas
8115,Adrian Stanilewicz
997,George Evans
7608,Innokentiy Samokhvalov
11863,Vitus Eicher
10586,Tyler Dibling
8462,Luca Unbehaun
7509,Thomas Battistella
8524,Rubén García
2953,Mekhti Dzhenetov
4854,Wesley Jobello
2004,Marco Toscano
5833,Damiano Zanon
11508,Ishé Samuels-Smith
4225,José Carlos
11785,Belmin Dizdarevic
6811,Timur Pukhov
11603,Joel da Silva Kiala
8251,Kaique Rocha
12240,Stanislav Puzanov
4204,Javi Jiménez
9394,Reece Hannam
2490,�lex Campos
4626,Goran Blazevic
8565,Jacob Maddox
10083,Pedro Alema�
9348,Frankie Maguire
5955,Gatoch Panom
1615,Christian Capone
11580,Yoann Beaka
11083,Dorian Ciezkowski
5189,Vinícius Araújo
9560,Niccol� Pietra
1052,Marcus Browne
12244,Darío Benavides
10603,Carlos Giménez
10243,Jacques Ekomie
8506,Mikhail Osinov
724,Charlie Colkett
